-- MySQL dump 10.13  Distrib 5.5.37, for debian-linux-gnu (i686)
--
-- Host: localhost    Database: healthcheck
-- ------------------------------------------------------
-- Server version	5.5.37-0ubuntu0.13.10.1

/*!40101 SET @OLD_CHARACTER_SET_CLIENT=@@CHARACTER_SET_CLIENT */;
/*!40101 SET @OLD_CHARACTER_SET_RESULTS=@@CHARACTER_SET_RESULTS */;
/*!40101 SET @OLD_COLLATION_CONNECTION=@@COLLATION_CONNECTION */;
/*!40101 SET NAMES utf8 */;
/*!40103 SET @OLD_TIME_ZONE=@@TIME_ZONE */;
/*!40103 SET TIME_ZONE='+00:00' */;
/*!40014 SET @OLD_UNIQUE_CHECKS=@@UNIQUE_CHECKS, UNIQUE_CHECKS=0 */;
/*!40014 SET @OLD_FOREIGN_KEY_CHECKS=@@FOREIGN_KEY_CHECKS, FOREIGN_KEY_CHECKS=0 */;
/*!40101 SET @OLD_SQL_MODE=@@SQL_MODE, SQL_MODE='NO_AUTO_VALUE_ON_ZERO' */;
/*!40111 SET @OLD_SQL_NOTES=@@SQL_NOTES, SQL_NOTES=0 */;

--
-- Table structure for table `Airline`
--

DROP TABLE IF EXISTS `Airline`;
/*!40101 SET @saved_cs_client     = @@character_set_client */;
/*!40101 SET character_set_client = utf8 */;
CREATE TABLE `Airline` (
  `id` int(10) unsigned NOT NULL AUTO_INCREMENT,
  `name` varchar(200) NOT NULL,
  `abbr` char(2) NOT NULL,
  `url` varchar(255) DEFAULT NULL,
  `createdAt` bigint(20) unsigned NOT NULL DEFAULT '0',
  `updatedAt` bigint(20) unsigned NOT NULL DEFAULT '0',
  `notificationReceiverEmails` text,
  `executedAt` bigint(20) unsigned DEFAULT NULL,
  PRIMARY KEY (`id`)
) ENGINE=InnoDB AUTO_INCREMENT=37 DEFAULT CHARSET=utf8;
/*!40101 SET character_set_client = @saved_cs_client */;

--
-- Dumping data for table `Airline`
--

LOCK TABLES `Airline` WRITE;
/*!40000 ALTER TABLE `Airline` DISABLE KEYS */;
INSERT INTO `Airline` VALUES (1,'Ethiad Airways','EY','http://m.etihad.com/en/',1416509207326,1418425421540,'duyanh.nguyen.ctr@sabre.com',1418425421539),(13,'Philippine Airlines','PR','https://m.sabresonicweb.com/SSW2010/PRM0/#webqtrip',1418053124430,1418425516659,'duyanh.nguyen.ctr@sabre.com',1418425516659),(14,'Bangkok Airways','PG','https://m.sabresonicweb.com/SSW2010/PGM0/#webqtrip',1418056258337,1418425511150,'duyanh.nguyen.ctr@sabre.com',1418425511150),(15,'Cayman Airways','KX','https://m.sabresonicweb.com/SSW2010/KXM0/#webqtrip',1418057315607,1418425500292,'duyanh.nguyen.ctr@sabre.com',1418425500292),(16,'Belarusian Airlines','B2','https://m.sabresonicweb.com/SSW2010/B2M0/#webqtrip',1418059927948,1418425416126,'duyanh.nguyen.ctr@sabre.com',1418425416126),(17,'Gulf Air','GF','https://m.sabresonicweb.com/SSW2010/GFM0/#webqtrip',1418061034555,1418425489201,'duyanh.nguyen.ctr@sabre.com',1418425489201),(18,'Airmalta','KM','https://m.sabresonicweb.com/SSW2010/KMM0/#webqtrip',1418069139322,1418425494736,'duyanh.nguyen.ctr@sabre.com',1418425494736),(19,'AEROFLOT','SU','https://m.sabresonicweb.com/SSW2010/SUM0/#webqtrip',1418072525837,1418425521989,'duyanh.nguyen.ctr@sabre.com',1418425521989),(20,'Silver Airways','3M','https://m.sabresonicweb.com/SSW2010/3MM0/#webqtrip',1418073903669,1418425404845,'duyanh.nguyen.ctr@sabre.com',1418425404845),(21,'OMAN Air','WY','https://m.sabresonicweb.com/SSW2010/WYM0/#webqtrip',1418074442012,1418425532833,'duyanh.nguyen.ctr@sabre.com',1418425532833),(22,'Vietnam Airlines','VN','https://m.sabresonicweb.com/SSW2010/VNM0/#webqtrip',1418076101607,1418425527333,'duyanh.nguyen.ctr@sabre.com',1418425527332),(23,'Aerolineas','AR','https://m.sabresonicweb.com/SSW2010/ARM0/#webqtrip',1418076780960,1418425410615,'duyanh.nguyen.ctr@sabre.com',1418425410615);
/*!40000 ALTER TABLE `Airline` ENABLE KEYS */;
UNLOCK TABLES;

--
-- Table structure for table `ExecutionStatus`
--

DROP TABLE IF EXISTS `ExecutionStatus`;
/*!40101 SET @saved_cs_client     = @@character_set_client */;
/*!40101 SET character_set_client = utf8 */;
CREATE TABLE `ExecutionStatus` (
  `id` int(10) unsigned NOT NULL AUTO_INCREMENT,
  `name` varchar(200) NOT NULL,
  PRIMARY KEY (`id`)
) ENGINE=InnoDB AUTO_INCREMENT=5 DEFAULT CHARSET=utf8;
/*!40101 SET character_set_client = @saved_cs_client */;

--
-- Dumping data for table `ExecutionStatus`
--

LOCK TABLES `ExecutionStatus` WRITE;
/*!40000 ALTER TABLE `ExecutionStatus` DISABLE KEYS */;
INSERT INTO `ExecutionStatus` VALUES (1,'Not Started'),(2,'Running'),(3,'OK'),(4,'Error');
/*!40000 ALTER TABLE `ExecutionStatus` ENABLE KEYS */;
UNLOCK TABLES;

--
-- Table structure for table `Module`
--

DROP TABLE IF EXISTS `Module`;
/*!40101 SET @saved_cs_client     = @@character_set_client */;
/*!40101 SET character_set_client = utf8 */;
CREATE TABLE `Module` (
  `id` int(10) unsigned NOT NULL AUTO_INCREMENT,
  `name` varchar(200) NOT NULL,
  `url` varchar(255) NOT NULL,
  `isEnabled` tinyint(3) unsigned NOT NULL DEFAULT '0',
  `createdAt` bigint(20) unsigned NOT NULL DEFAULT '0',
  `updatedAt` bigint(20) unsigned NOT NULL DEFAULT '0',
  `lastExecutedAt` bigint(20) unsigned NOT NULL DEFAULT '0',
  `airlineId` int(10) unsigned NOT NULL,
  `executionStatusId` int(10) unsigned NOT NULL DEFAULT '1',
  `log` text,
  `lastExecutionCompletedAt` bigint(20) unsigned NOT NULL DEFAULT '0',
  PRIMARY KEY (`id`),
  KEY `FK_Module_airlineId` (`airlineId`),
  KEY `FK_Module_executionStatusId` (`executionStatusId`),
  CONSTRAINT `FK_Module_executionStatusId` FOREIGN KEY (`executionStatusId`) REFERENCES `ExecutionStatus` (`id`) ON UPDATE CASCADE,
  CONSTRAINT `Module_ibfk_1` FOREIGN KEY (`airlineId`) REFERENCES `Airline` (`id`) ON DELETE CASCADE ON UPDATE CASCADE
) ENGINE=InnoDB AUTO_INCREMENT=82 DEFAULT CHARSET=utf8;
/*!40101 SET character_set_client = @saved_cs_client */;

--
-- Dumping data for table `Module`
--

LOCK TABLES `Module` WRITE;
/*!40000 ALTER TABLE `Module` DISABLE KEYS */;
INSERT INTO `Module` VALUES (1,'Check In','https://m.sabresonicweb.com/SSW2010/EYM0/#checkin',1,1416523670990,1418425425436,1418425421605,1,3,'',1418425425435),(12,'Flight Status','https://m.sabresonicweb.com/SSW2010/EYM0/#flightstatus',1,1416525645767,1418425425772,1418425421609,1,3,'',1418425425772),(13,'Book My Flights','https://m.sabresonicweb.com/SSW2010/EYM0/#webqtrip',1,1416525645947,1418425486058,1418425421611,1,3,'',1418425486058),(14,'Flight Schedule','https://m.sabresonicweb.com/SSW2010/EYM0/#flightstatus?schedule=true',1,1416525646269,1418425426372,1418425421614,1,3,'',1418425426372),(34,'Check In','https://m.sabresonicweb.com/SSW2010/PRM0/#checkin',1,1418053124451,1418425518852,1418425516674,13,3,'',1418425518852),(35,'Flight Status','https://m.sabresonicweb.com/SSW2010/PRM0/#flightstatus',0,1418053124451,1418313599967,1418286735940,13,3,'',1418286740535),(36,'Book My Flights','https://m.sabresonicweb.com/SSW2010/PRM0/#webqtrip',0,1418053124451,1418313601029,1418286735942,13,3,'',1418286740666),(37,'Flight Schedule','https://m.sabresonicweb.com/SSW2010/PRM0/#flightstatus?schedule=true',0,1418053124451,1418313599434,1418286735941,13,3,'',1418286740368),(38,'Check In','https://m.sabresonicweb.com/SSW2010/PGM0/#checkin',1,1418056258347,1418425515589,1418425511211,14,3,'',1418425515589),(39,'Flight Status','https://m.sabresonicweb.com/SSW2010/PGM0/#flightstatus',0,1418056258348,1418330092843,1418269289469,14,3,'',1418269298014),(40,'Book My Flights','https://m.sabresonicweb.com/SSW2010/PGM0/#webqtrip',1,1418056258348,1418425515965,1418425511213,14,3,'',1418425515965),(41,'Flight Schedule','https://m.sabresonicweb.com/SSW2010/PGM0/#flightstatus?schedule=true',1,1418056258348,1418425515685,1418425511217,14,3,'',1418425515685),(42,'Check In','https://m.sabresonicweb.com/SSW2010/KXM0/#checkin',1,1418057315620,1418425505743,1418425500374,15,3,'',1418425505742),(43,'Flight Status','https://m.sabresonicweb.com/SSW2010/KXM0/#flightstatus',1,1418057315620,1418425505757,1418425500376,15,3,'',1418425505756),(44,'Book My Flights','https://m.sabresonicweb.com/SSW2010/KXM0/#webqtrip',1,1418057315620,1418425505992,1418425500385,15,3,'',1418425505992),(45,'Flight Schedule','https://m.sabresonicweb.com/SSW2010/KXM0/#flightstatus?schedule=true',1,1418057315621,1418425505839,1418425500387,15,3,'',1418425505839),(46,'Check In','https://m.sabresonicweb.com/SSW2010/B2M0/#checkin',1,1418059927959,1418425419661,1418425416153,16,3,'',1418425419661),(47,'Flight Status','https://m.sabresonicweb.com/SSW2010/B2M0/#flightstatus',1,1418059927960,1418425419957,1418425416155,16,3,'',1418425419957),(48,'Book My Flights','https://m.sabresonicweb.com/SSW2010/B2M0/#webqtrip',0,1418059927960,1418314115433,1418269457731,16,3,'',1418269461757),(49,'Flight Schedule','https://m.sabresonicweb.com/SSW2010/B2M0/#flightstatus?schedule=true',0,1418059927960,1418314114431,1418269457733,16,3,'',1418269461540),(50,'Check In','https://m.sabresonicweb.com/SSW2010/GFM0/#checkin',1,1418061034571,1418425493785,1418425489223,17,3,'',1418425493785),(51,'Flight Status','https://m.sabresonicweb.com/SSW2010/GFM0/#flightstatus',1,1418061034572,1418425493895,1418425489224,17,3,'',1418425493894),(52,'Book My Flights','https://m.sabresonicweb.com/SSW2010/GFM0/#webqtrip',0,1418061034572,1418330132844,1418269474834,17,3,'',1418269479603),(53,'Flight Schedule','https://m.sabresonicweb.com/SSW2010/GFM0/#flightstatus?schedule=true',1,1418061034572,1418425493832,1418425489225,17,3,'',1418425493832),(54,'Check In','https://m.sabresonicweb.com/SSW2010/KMM0/#checkin',1,1418069139339,1418425498638,1418425494766,18,3,'',1418425498637),(55,'Flight Status','https://m.sabresonicweb.com/SSW2010/KMM0/#flightstatus',1,1418069139340,1418425498603,1418425494769,18,3,'',1418425498603),(56,'Book My Flights','https://m.sabresonicweb.com/SSW2010/KMM0/#webqtrip',0,1418069139341,1418314338539,1418269481175,18,3,'',1418269485834),(57,'Flight Schedule','https://m.sabresonicweb.com/SSW2010/KMM0/#flightstatus?schedule=true',0,1418069139341,1418314350884,1418269481177,18,3,'',1418269485675),(58,'Check In','https://m.sabresonicweb.com/SSW2010/SUM0/#checkin',1,1418072525848,1418425524642,1418425522007,19,3,'',1418425524642),(59,'Flight Status','https://m.sabresonicweb.com/SSW2010/SUM0/#flightstatus',0,1418072525849,1418314850388,1418269490096,19,3,'',1418269494885),(60,'Book My Flights','https://m.sabresonicweb.com/SSW2010/SUM0/#webqtrip',0,1418072525849,1418330251600,1418269490098,19,3,'',1418269495043),(61,'Flight Schedule','https://m.sabresonicweb.com/SSW2010/SUM0/#flightstatus?schedule=true',0,1418072525849,1418314849436,1418269490101,19,3,'',1418269494826),(62,'Check In','https://m.sabresonicweb.com/SSW2010/3MM0/#checkin',1,1418073903680,1418425408547,1418425404939,20,3,'',1418425408547),(63,'Flight Status','https://m.sabresonicweb.com/SSW2010/3MM0/#flightstatus',1,1418073903681,1418425409696,1418425404935,20,3,'',1418425409695),(64,'Book My Flights','https://m.sabresonicweb.com/SSW2010/3MM0/#webqtrip',0,1418073903681,1418315104424,1418269498518,20,3,'',1418269503731),(65,'Flight Schedule','https://m.sabresonicweb.com/SSW2010/3MM0/#flightstatus?schedule=true',1,1418073903681,1418425408667,1418425404943,20,3,'',1418425408667),(66,'Check In','https://m.sabresonicweb.com/SSW2010/WYM0/#checkin',1,1418074442022,1418425538528,1418425532913,21,3,'',1418425538528),(67,'Flight Status','https://m.sabresonicweb.com/SSW2010/WYM0/#flightstatus',1,1418074442022,1418425538449,1418425532915,21,3,'',1418425538449),(68,'Book My Flights','https://m.sabresonicweb.com/SSW2010/WYM0/#webqtrip',1,1418074442023,1418425538725,1418425532917,21,3,'',1418425538725),(69,'Flight Schedule','https://m.sabresonicweb.com/SSW2010/WYM0/#flightstatus?schedule=true',1,1418074442024,1418425538932,1418425532920,21,3,'',1418425538932),(70,'Check In','https://m.sabresonicweb.com/SSW2010/VNM0/#checkin',1,1418076101625,1418425532249,1418425527390,22,3,'',1418425532249),(71,'Flight Status','https://m.sabresonicweb.com/SSW2010/VNM0/#flightstatus',1,1418076101626,1418425531906,1418425527393,22,3,'',1418425531906),(72,'Book My Flights','https://m.sabresonicweb.com/SSW2010/VNM0/#webqtrip',0,1418076101626,1418317012794,1418269516508,22,3,'',1418269521014),(73,'Flight Schedule','https://m.sabresonicweb.com/SSW2010/VNM0/#flightstatus?schedule=true',1,1418076101628,1418425532432,1418425527395,22,3,'',1418425532432),(74,'Check In','https://m.sabresonicweb.com/SSW2010/ARM0/#checkin',1,1418076780971,1418425414947,1418425410684,23,3,'',1418425414947),(75,'Flight Status','https://m.sabresonicweb.com/SSW2010/ARM0/#flightstatus',1,1418076780971,1418425415052,1418425410689,23,3,'',1418425415052),(76,'Book My Flights','https://m.sabresonicweb.com/SSW2010/ARM0/#webqtrip',0,1418076780971,1418317899597,1418269529882,23,3,'',1418269534754),(77,'Flight Schedule','https://m.sabresonicweb.com/SSW2010/ARM0/#flightstatus?schedule=true',1,1418076780971,1418425415178,1418425410693,23,3,'',1418425415178),(78,'Manage Trips','https://m.sabresonicweb.com/SSW2010/PGM0/#myb',1,1418318656475,1418425515481,1418425511219,14,3,'',1418425515481),(79,'Manage My Flights','https://m.sabresonicweb.com/SSW2010/KXM0/#myb',1,1418319580852,1418425505664,1418425500496,15,3,'',1418425505664),(80,'Manage My Flights','https://m.sabresonicweb.com/SSW2010/WYM0/#myb',1,1418321427868,1418425538339,1418425532949,21,3,'',1418425538339),(81,'Your Trip','https://m.sabresonicweb.com/SSW2010/VNM0/#myb',1,1418321585738,1418425532140,1418425527397,22,3,'',1418425532140);
/*!40000 ALTER TABLE `Module` ENABLE KEYS */;
UNLOCK TABLES;

--
-- Table structure for table `Schedule`
--

DROP TABLE IF EXISTS `Schedule`;
/*!40101 SET @saved_cs_client     = @@character_set_client */;
/*!40101 SET character_set_client = utf8 */;
CREATE TABLE `Schedule` (
  `id` int(10) unsigned NOT NULL AUTO_INCREMENT,
  `minute` varchar(2) NOT NULL DEFAULT '*',
  `hour` varchar(2) NOT NULL DEFAULT '*',
  `date` varchar(2) NOT NULL DEFAULT '*',
  `month` varchar(2) NOT NULL DEFAULT '*',
  `dayOfWeek` char(1) NOT NULL DEFAULT '*',
  `airlineId` int(10) unsigned NOT NULL,
  `createdAt` bigint(20) unsigned NOT NULL DEFAULT '0',
  `updatedAt` bigint(20) unsigned NOT NULL DEFAULT '0',
  PRIMARY KEY (`id`),
  KEY `FK_Schedule_airlineId` (`airlineId`),
  CONSTRAINT `Schedule_ibfk_1` FOREIGN KEY (`airlineId`) REFERENCES `Airline` (`id`)
) ENGINE=InnoDB AUTO_INCREMENT=2 DEFAULT CHARSET=utf8;
/*!40101 SET character_set_client = @saved_cs_client */;

--
-- Dumping data for table `Schedule`
--

LOCK TABLES `Schedule` WRITE;
/*!40000 ALTER TABLE `Schedule` DISABLE KEYS */;
INSERT INTO `Schedule` VALUES (1,'0','0','*','*','0',1,1416597144841,1416597473104);
/*!40000 ALTER TABLE `Schedule` ENABLE KEYS */;
UNLOCK TABLES;

--
-- Table structure for table `Step`
--

DROP TABLE IF EXISTS `Step`;
/*!40101 SET @saved_cs_client     = @@character_set_client */;
/*!40101 SET character_set_client = utf8 */;
CREATE TABLE `Step` (
  `id` int(10) unsigned NOT NULL AUTO_INCREMENT,
  `moduleId` int(10) unsigned NOT NULL,
  `script` text,
  `priority` int(10) unsigned NOT NULL DEFAULT '0',
  `name` varchar(200) DEFAULT NULL,
  `createdAt` bigint(20) unsigned NOT NULL DEFAULT '0',
  `updatedAt` bigint(20) unsigned NOT NULL DEFAULT '0',
  `isFailed` tinyint(3) unsigned DEFAULT '0',
  PRIMARY KEY (`id`),
  KEY `FK_Step_moduleId` (`moduleId`),
  CONSTRAINT `Step_ibfk_1` FOREIGN KEY (`moduleId`) REFERENCES `Module` (`id`) ON DELETE CASCADE ON UPDATE CASCADE
) ENGINE=InnoDB AUTO_INCREMENT=265 DEFAULT CHARSET=utf8;
/*!40101 SET character_set_client = @saved_cs_client */;

--
-- Dumping data for table `Step`
--

LOCK TABLES `Step` WRITE;
/*!40000 ALTER TABLE `Step` DISABLE KEYS */;
INSERT INTO `Step` VALUES (3,13,'return !$(\'#loading\').is(\':visible\') \n    && !$(\'#overlay\').is(\':visible\') \n    && $(\'#search-flights\').is(\':visible\') \n    && $(\'#departure-airport>option\').size() > 0;',1,'Wait for application to load',1416589785507,1418425421565,0),(6,13,'return $(\'#arrival-airport\').size() > 0;',2,'Verify destination selection exist',1416590232364,1418425421565,0),(8,13,'return $(\'#flight-type-return-trip\').val() === \'ROUND_TRIP\' && $(\'#flight-type-return-trip\').is(\':checked\')\n&& $(\'#flight-type-one-way-trip\').val() === \'ONE_WAY\' &&  $(\'#flight-type-one-way-trip\').is(\':not(:checked)\');',6,'Round-trip and one-way should exist, round trip should be checked',1416592540624,1418425421565,0),(9,1,'return !$(\'#loading\').is(\':visible\') \n    && !$(\'#overlay\').is(\':visible\') \n    && $(\'#search\').size() > 0    ;',1,'Wait for page to load',1416605924775,1418425421548,0),(10,1,'return ($(\'#input[name=pnrFf]\').length ?  ($(\'#input[name=pnrFf]\').size() > 0) :  true) &&\r\n($(\'#input[name=pnr]\').length ?  ($(\'#input[name=pnr]\').size() > 0) :  true) &&\r\n($(\'#input[name=lastName]\').length ?  ($(\'#input[name=lastName]\').size() > 0) :  true) &&\r\n($(\'#input[name=firstName]\').length ?  ($(\'#input[name=firstName]\').size() > 0) :  true);',2,'Check if \"PNR\" and/or \"Last Name\"  and/or \"First Name\" exists and if it does, their size is > 0',1416605998841,1418425421549,0),(11,14,'return !$(\'#loading\').is(\':visible\') \n    && !$(\'#overlay\').is(\':visible\') \n    && $(\'#search-btn\').is(\':visible\'); ',1,'Step 1',1416607351003,1418425421571,0),(22,13,'return $(\'#departure-date\').size() > 0 && $(\'#return-date\').size() > 0 ;',7,'Departure and Return dates are populated to default values',1417816283818,1418425421565,0),(23,13,'return $(\"#ADT_passengers\").val() == 1 && \r\n		$(\"#CHD_passengers\").val() == 0  &&\r\n		($(\'#INF_passengers\').length ?  ($(\'#INF_passengers\').val() == 0) :  true);',8,'Number of Adult passengers are defaulted to 1, Children defaulted to 0. If infants field exists, defaulted to 0.',1417816325472,1418425421566,0),(24,13,'return ($(\'#promo-code\').length ?  ($(\'#promo-code\').size() > 0) :  true);\n',9,'Check if Promo code field exists and if it does, its size is greater than zero',1417816606100,1418425421566,0),(26,12,'return !$(\'#loading\').is(\':visible\') \n    && !$(\'#overlay\').is(\':visible\') \n    && $(\'#departure-airport>option\').size() > 0;',1,'Wait for application to load',1417818084740,1418425421557,0),(28,12,'return $(\'#arrival-airport\').size() > 0;',2,'Verify destination selection exist',1417818520365,1418425421557,0),(29,12,'return $(\'label[for=\"date-Today\"] span:eq(1)\').text().length > 0;',3,'Check If  todays date value is populated with todays date',1417819718600,1418425421557,0),(30,12,'return $(\'label[for=\"date-Tomorrow\"] span:eq(1)\').text().length > 0;',4,'Check If tomorrow date value is populated with tomorrows date',1417819862874,1418425421557,0),(32,14,'return $(\'#departure-airport>option\').size()>0\n&& $(\'#arrival-airport>option\').size()>0;',2,'Step 2',1417821668985,1418425421571,0),(33,14,'var d = new Date();\r\nvar str = ((d.getDate()+\'\').length == 1 ? \'0\'+d.getDate() : d.getDate())  +\'/\'+(d.getMonth()+1)+\'/\'+d.getFullYear() ;\r\nreturn $(\'#date\').val() == str;',3,'Make sure today date is correctly formatted',1417822659871,1418425421571,0),(79,34,'return !$(\'#loading\').is(\':visible\') \n    && !$(\'#overlay\').is(\':visible\') \n    && $(\'#search\').size() > 0  ;',1,'Wait for page to load',1418053124508,1418425516664,0),(80,34,'return ($(\'#input[name=pnrFf]\').length ?  ($(\'#input[name=pnrFf]\').size() > 0) :  true) &&\r\n($(\'#input[name=pnr]\').length ?  ($(\'#input[name=pnr]\').size() > 0) :  true) &&\r\n($(\'#input[name=lastName]\').length ?  ($(\'#input[name=lastName]\').size() > 0) :  true) &&\r\n($(\'#input[name=firstName]\').length ?  ($(\'#input[name=firstName]\').size() > 0) :  true);',2,'Check if \"PNR\" and/or \"Last Name\"  and/or \"First Name\" exists and if it does, their size is > 0',1418053124508,1418425516665,0),(81,36,'return !$(\'#loading\').is(\':visible\') \n    && !$(\'#overlay\').is(\':visible\') \n    && $(\'#search-flights\').is(\':visible\') \n    && $(\'#departure-airport>option\').size() > 0; ',1,'Wait for application to load',1418053124519,1418286735924,0),(82,36,'return $(\'#arrival-airport\').size() > 0;',2,'Verify destination selection exist',1418053124519,1418286735924,0),(83,36,'return $(\'#flight-type-return-trip\').val() === \'ROUND_TRIP\' && $(\'#flight-type-return-trip\').is(\':checked\')\n&& $(\'#flight-type-one-way-trip\').val() === \'ONE_WAY\' &&  $(\'#flight-type-one-way-trip\').is(\':not(:checked)\');',6,'Round-trip and one-way should exist, round trip should be checked',1418053124519,1418286735924,0),(84,36,'return $(\'#departure-date\').size() > 0 && $(\'#return-date\').size() > 0 ;',7,'Departure and Return dates are populated to default values',1418053124519,1418286735924,0),(85,36,'return $(\"#ADT_passengers\").val() == 1 && \r\n		$(\"#CHD_passengers\").val() == 0  &&\r\n		($(\'#INF_passengers\').length ?  ($(\'#INF_passengers\').val() == 0) :  true);',8,'Number of Adult passengers are defaulted to 1, Children defaulted to 0. If infants field exists, defaulted to 0.',1418053124519,1418286735924,0),(86,36,'return ($(\'#promo-code\').length ?  ($(\'#promo-code\').size() > 0) :  true);',9,'Check if Promo code field exists and if it does, its size is greater than zero',1418053124519,1418286735924,0),(87,35,'return !$(\'#loading\').is(\':visible\') \n    && !$(\'#overlay\').is(\':visible\') \n    && $(\'#departure-airport>option\').size() > 0;',1,'Wait for application to load',1418053124526,1418286735920,0),(88,35,'return $(\'#arrival-airport\').size() > 0;',2,'Verify destination selection exist',1418053124526,1418286735920,0),(89,35,'return $(\'label[for=\"date-Today\"] span:eq(1)\').text().length > 0;',3,'Check If  todays date value is populated with todays date',1418053124526,1418286735920,0),(90,35,'return $(\'label[for=\"date-Tomorrow\"] span:eq(1)\').text().length > 0;',4,'Check If tomorrow date value is populated with tomorrows date',1418053124526,1418286735920,0),(91,37,'return !$(\'#loading\').is(\':visible\') \n    && !$(\'#overlay\').is(\':visible\') \n    && $(\'#search-btn\').is(\':visible\'); ',1,'Step 1',1418053124530,1418286735926,0),(92,37,'return $(\'#departure-airport>option\').size()>0\n&& $(\'#arrival-airport>option\').size()>0;',2,'Step 2',1418053124530,1418286735926,0),(93,37,'var d = new Date();\r\nvar str = ((d.getDate()+\'\').length == 1 ? \'0\'+d.getDate() : d.getDate())  +\'/\'+(d.getMonth()+1)+\'/\'+d.getFullYear() ;\r\nreturn $(\'#date\').val() == str;',3,'Make sure today date is correctly formatted',1418053124530,1418286735927,0),(94,38,'return !$(\'#loading\').is(\':visible\') \n    && !$(\'#overlay\').is(\':visible\') \n    && $(\'#search\').size() > 0  ;',1,'Wait for page to load',1418056258364,1418425511161,0),(95,38,'return ($(\'#input[name=pnrFf]\').length ?  ($(\'#input[name=pnrFf]\').size() > 0) :  true) &&\r\n($(\'#input[name=pnr]\').length ?  ($(\'#input[name=pnr]\').size() > 0) :  true) &&\r\n($(\'#input[name=lastName]\').length ?  ($(\'#input[name=lastName]\').size() > 0) :  true) &&\r\n($(\'#input[name=firstName]\').length ?  ($(\'#input[name=firstName]\').size() > 0) :  true);',2,'Check if \"PNR\" and/or \"Last Name\"  and/or \"First Name\" exists and if it does, their size is > 0',1418056258364,1418425511161,0),(96,39,'return !$(\'#loading\').is(\':visible\') \n    && !$(\'#overlay\').is(\':visible\') \n    && $(\'#departure-airport>option\').size() > 0;',1,'Wait for application to load',1418056258370,1418269289332,0),(97,39,'return $(\'#arrival-airport\').size() > 0;',2,'Verify destination selection exist',1418056258370,1418269289336,0),(98,39,'return $(\'label[for=\"date-Today\"] span:eq(1)\').text().length > 0;',3,'Check If  todays date value is populated with todays date',1418056258370,1418269289336,0),(99,39,'return $(\'label[for=\"date-Tomorrow\"] span:eq(1)\').text().length > 0;',4,'Check If tomorrow date value is populated with tomorrows date',1418056258370,1418269289336,0),(100,40,'return !$(\'#loading\').is(\':visible\') \n    && !$(\'#overlay\').is(\':visible\') \n    && $(\'#search-flights\').is(\':visible\') \n    && $(\'#departure-airport>option\').size() > 0; ',1,'Wait for application to load',1418056258376,1418425511169,0),(101,40,'return $(\'#arrival-airport\').size() > 0;',2,'Verify destination selection exist',1418056258376,1418425511169,0),(102,40,'return $(\'#flight-type-return-trip\').val() === \'ROUND_TRIP\' && $(\'#flight-type-return-trip\').is(\':checked\')\n&& $(\'#flight-type-one-way-trip\').val() === \'ONE_WAY\' &&  $(\'#flight-type-one-way-trip\').is(\':not(:checked)\');',6,'Round-trip and one-way should exist, round trip should be checked',1418056258376,1418425511169,0),(103,40,'return $(\'#departure-date\').size() > 0 && $(\'#return-date\').size() > 0 ;',7,'Departure and Return dates are populated to default values',1418056258376,1418425511169,0),(104,40,'return $(\"#ADT_passengers\").val() == 1 && \r\n		$(\"#CHD_passengers\").val() == 0  &&\r\n		($(\'#INF_passengers\').length ?  ($(\'#INF_passengers\').val() == 0) :  true);',8,'Number of Adult passengers are defaulted to 1, Children defaulted to 0. If infants field exists, defaulted to 0.',1418056258376,1418425511169,0),(105,40,'return ($(\'#promo-code\').length ?  ($(\'#promo-code\').size() > 0) :  true);',9,'Check if Promo code field exists and if it does, its size is greater than zero',1418056258376,1418425511169,0),(106,41,'return !$(\'#loading\').is(\':visible\') \n    && !$(\'#overlay\').is(\':visible\') \n    && $(\'#search-btn\').is(\':visible\'); ',1,'Step 1',1418056258384,1418425511182,0),(107,41,'return $(\'#departure-airport>option\').size()>0\n&& $(\'#arrival-airport>option\').size()>0;',2,'Step 2',1418056258384,1418425511183,0),(108,41,'var d = new Date();\r\nvar str = ((d.getDate()+\'\').length == 1 ? \'0\'+d.getDate() : d.getDate())  +\'/\'+(d.getMonth()+1)+\'/\'+d.getFullYear() ;\r\nreturn $(\'#date\').val() == str;',3,'Make sure today date is correctly formatted',1418056258384,1418425511183,0),(109,42,'return !$(\'#loading\').is(\':visible\') \n    && !$(\'#overlay\').is(\':visible\') \n    && $(\'#search\').size() > 0  ;',1,'Wait for page to load',1418057315643,1418425500302,0),(110,42,'return ($(\'#input[name=pnrFf]\').length ?  ($(\'#input[name=pnrFf]\').size() > 0) :  true) &&\r\n($(\'#input[name=pnr]\').length ?  ($(\'#input[name=pnr]\').size() > 0) :  true) &&\r\n($(\'#input[name=lastName]\').length ?  ($(\'#input[name=lastName]\').size() > 0) :  true) &&\r\n($(\'#input[name=firstName]\').length ?  ($(\'#input[name=firstName]\').size() > 0) :  true);',2,'Check if \"PNR\" and/or \"Last Name\"  and/or \"First Name\" exists and if it does, their size is > 0',1418057315644,1418425500302,0),(111,43,'return !$(\'#loading\').is(\':visible\') \n    && !$(\'#overlay\').is(\':visible\') \n    && $(\'#departure-airport>option\').size() > 0;',1,'Wait for application to load',1418057315652,1418425500310,0),(112,43,'return $(\'#arrival-airport\').size() > 0;',2,'Verify destination selection exist',1418057315652,1418425500311,0),(113,43,'return $(\'label[for=\"date-Today\"] span:eq(1)\').text().length > 0;',3,'Check If  todays date value is populated with todays date',1418057315652,1418425500311,0),(114,43,'return $(\'label[for=\"date-Tomorrow\"] span:eq(1)\').text().length > 0;',4,'Check If tomorrow date value is populated with tomorrows date',1418057315652,1418425500311,0),(115,44,'return !$(\'#loading\').is(\':visible\') \n    && !$(\'#overlay\').is(\':visible\') \n    && $(\'#search-flights\').is(\':visible\') \n    && $(\'#departure-airport>option\').size() > 0; ',1,'Wait for application to load',1418057315665,1418425500327,0),(116,44,'return $(\'#arrival-airport\').size() > 0;',2,'Verify destination selection exist',1418057315665,1418425500327,0),(117,44,'return $(\'#flight-type-return-trip\').val() === \'ROUND_TRIP\' && $(\'#flight-type-return-trip\').is(\':checked\')\n&& $(\'#flight-type-one-way-trip\').val() === \'ONE_WAY\' &&  $(\'#flight-type-one-way-trip\').is(\':not(:checked)\');',6,'Round-trip and one-way should exist, round trip should be checked',1418057315665,1418425500327,0),(118,44,'return $(\'#departure-date\').size() > 0 && $(\'#return-date\').size() > 0 ;',7,'Departure and Return dates are populated to default values',1418057315665,1418425500328,0),(119,44,'return $(\"#ADT_passengers\").val() == 1 && \r\n		$(\"#CHD_passengers\").val() == 0  &&\r\n		($(\'#INF_passengers\').length ?  ($(\'#INF_passengers\').val() == 0) :  true);',8,'Number of Adult passengers are defaulted to 1, Children defaulted to 0. If infants field exists, defaulted to 0.',1418057315665,1418425500328,0),(120,44,'return ($(\'#promo-code\').length ?  ($(\'#promo-code\').size() > 0) :  true);',9,'Check if Promo code field exists and if it does, its size is greater than zero',1418057315665,1418425500328,0),(121,45,'return !$(\'#loading\').is(\':visible\') \n    && !$(\'#overlay\').is(\':visible\') \n    && $(\'#search-btn\').is(\':visible\'); ',1,'Step 1',1418057315677,1418425500331,0),(122,45,'return $(\'#departure-airport>option\').size()>0\n&& $(\'#arrival-airport>option\').size()>0;',2,'Step 2',1418057315677,1418425500331,0),(123,45,'var d = new Date();\r\nvar str = ((d.getDate()+\'\').length == 1 ? \'0\'+d.getDate() : d.getDate())  +\'/\'+(d.getMonth()+1)+\'/\'+d.getFullYear() ;\r\nreturn $(\'#date\').val() == str;',3,'Make sure today date is correctly formatted',1418057315677,1418425500331,0),(124,46,'return !$(\'#loading\').is(\':visible\') \n    && !$(\'#overlay\').is(\':visible\') \n    && $(\'#search\').size() > 0  ;',1,'Wait for page to load',1418059927976,1418425416132,0),(125,46,'return ($(\'#input[name=pnrFf]\').length ?  ($(\'#input[name=pnrFf]\').size() > 0) :  true) &&\r\n($(\'#input[name=pnr]\').length ?  ($(\'#input[name=pnr]\').size() > 0) :  true) &&\r\n($(\'#input[name=lastName]\').length ?  ($(\'#input[name=lastName]\').size() > 0) :  true) &&\r\n($(\'#input[name=firstName]\').length ?  ($(\'#input[name=firstName]\').size() > 0) :  true);',2,'Check if \"PNR\" and/or \"Last Name\"  and/or \"First Name\" exists and if it does, their size is > 0',1418059927976,1418425416132,0),(126,47,'return !$(\'#loading\').is(\':visible\') \n    && !$(\'#overlay\').is(\':visible\') \n    && $(\'#departure-airport>option\').size() > 0;',1,'Wait for application to load',1418059927983,1418425416139,0),(127,47,'return $(\'#arrival-airport\').size() > 0;',2,'Verify destination selection exist',1418059927983,1418425416140,0),(128,47,'return $(\'label[for=\"date-Today\"] span:eq(1)\').text().length > 0;',3,'Check If  todays date value is populated with todays date',1418059927983,1418425416140,0),(129,47,'return $(\'label[for=\"date-Tomorrow\"] span:eq(1)\').text().length > 0;',4,'Check If tomorrow date value is populated with tomorrows date',1418059927983,1418425416140,0),(130,48,'return !$(\'#loading\').is(\':visible\') \n    && !$(\'#overlay\').is(\':visible\') \n    && $(\'#search-flights\').is(\':visible\') \n    && $(\'#departure-airport>option\').size() > 0; ',1,'Wait for application to load',1418059927992,1418269457698,0),(131,48,'return $(\'#arrival-airport\').size() > 0;',2,'Verify destination selection exist',1418059927992,1418269457698,0),(132,48,'return $(\'#flight-type-return-trip\').val() === \'ROUND_TRIP\' && $(\'#flight-type-return-trip\').is(\':checked\')\n&& $(\'#flight-type-one-way-trip\').val() === \'ONE_WAY\' &&  $(\'#flight-type-one-way-trip\').is(\':not(:checked)\');',6,'Round-trip and one-way should exist, round trip should be checked',1418059927992,1418269457698,0),(133,48,'return $(\'#departure-date\').size() > 0 && $(\'#return-date\').size() > 0 ;',7,'Departure and Return dates are populated to default values',1418059927992,1418269457698,0),(134,48,'return $(\"#ADT_passengers\").val() == 1 && \r\n		$(\"#CHD_passengers\").val() == 0  &&\r\n		($(\'#INF_passengers\').length ?  ($(\'#INF_passengers\').val() == 0) :  true);',8,'Number of Adult passengers are defaulted to 1, Children defaulted to 0. If infants field exists, defaulted to 0.',1418059927992,1418269457698,0),(135,48,'return ($(\'#promo-code\').length ?  ($(\'#promo-code\').size() > 0) :  true);',9,'Check if Promo code field exists and if it does, its size is greater than zero',1418059927993,1418269457698,0),(136,49,'return !$(\'#loading\').is(\':visible\') \n    && !$(\'#overlay\').is(\':visible\') \n    && $(\'#search-btn\').is(\':visible\'); ',1,'Step 1',1418059928006,1418269457702,0),(137,49,'return $(\'#departure-airport>option\').size()>0\n&& $(\'#arrival-airport>option\').size()>0;',2,'Step 2',1418059928006,1418269457703,0),(138,49,'var d = new Date();\r\nvar str = ((d.getDate()+\'\').length == 1 ? \'0\'+d.getDate() : d.getDate())  +\'/\'+(d.getMonth()+1)+\'/\'+d.getFullYear() ;\r\nreturn $(\'#date\').val() == str;',3,'Make sure today date is correctly formatted',1418059928006,1418269457703,0),(139,50,'return !$(\'#loading\').is(\':visible\') \n    && !$(\'#overlay\').is(\':visible\') \n    && $(\'#search\').size() > 0  ;',1,'Wait for page to load',1418061034596,1418425489205,0),(140,50,'return $(\'input[name=pnrFf]\').size() > 0 && $(\'input[name=lastName]\').size() > 0; ',2,'Step 2',1418061034596,1418425489205,0),(141,51,'return !$(\'#loading\').is(\':visible\') \n    && !$(\'#overlay\').is(\':visible\') \n    && $(\'#departure-airport>option\').size() > 0;',1,'Wait for application to load',1418061034602,1418425489207,0),(142,51,'return $(\'#arrival-airport\').size() > 0;',2,'Verify destination selection exist',1418061034602,1418425489207,0),(143,51,'return $(\'label[for=\"date-Today\"] span:eq(1)\').text().length > 0;',3,'Check If  todays date value is populated with todays date',1418061034602,1418425489207,0),(144,51,'return $(\'label[for=\"date-Tomorrow\"] span:eq(1)\').text().length > 0;',4,'Check If tomorrow date value is populated with tomorrows date',1418061034602,1418425489207,0),(145,52,'return !$(\'#loading\').is(\':visible\') \n    && !$(\'#overlay\').is(\':visible\') \n    && $(\'#search-flights\').is(\':visible\') \n    && $(\'#departure-airport>option\').size() > 0; ',1,'Wait for application to load',1418061034616,1418269474820,0),(146,52,'return $(\'#arrival-airport\').size() > 0;',2,'Verify destination selection exist',1418061034617,1418269474820,0),(147,52,'return $(\'#flight-type-return-trip\').val() === \'ROUND_TRIP\' && $(\'#flight-type-return-trip\').is(\':checked\')\n&& $(\'#flight-type-one-way-trip\').val() === \'ONE_WAY\' &&  $(\'#flight-type-one-way-trip\').is(\':not(:checked)\');',6,'Round-trip and one-way should exist, round trip should be checked',1418061034617,1418269474820,0),(148,52,'return $(\'#departure-date\').size() > 0 && $(\'#return-date\').size() > 0 ;',7,'Departure and Return dates are populated to default values',1418061034617,1418269474820,0),(149,52,'return $(\"#ADT_passengers\").val() == 1 && \r\n		$(\"#CHD_passengers\").val() == 0  &&\r\n		($(\'#INF_passengers\').length ?  ($(\'#INF_passengers\').val() == 0) :  true);',8,'Number of Adult passengers are defaulted to 1, Children defaulted to 0. If infants field exists, defaulted to 0.',1418061034617,1418269474820,0),(150,52,'return ($(\'#promo-code\').length ?  ($(\'#promo-code\').size() > 0) :  true);',9,'Check if Promo code field exists and if it does, its size is greater than zero',1418061034617,1418269474820,0),(151,53,'return !$(\'#loading\').is(\':visible\') \n    && !$(\'#overlay\').is(\':visible\') \n    && $(\'#search-btn\').is(\':visible\'); ',1,'Step 1',1418061034633,1418425489212,0),(152,53,'return $(\'#departure-airport>option\').size()>0\n&& $(\'#arrival-airport>option\').size()>0;',2,'Step 2',1418061034633,1418425489212,0),(153,53,'var d = new Date();\r\nvar str = ((d.getDate()+\'\').length == 1 ? \'0\'+d.getDate() : d.getDate())  +\'/\'+(d.getMonth()+1)+\'/\'+d.getFullYear() ;\r\nreturn $(\'#date\').val() == str;',3,'Make sure today date is correctly formatted',1418061034633,1418425489213,0),(154,54,'return !$(\'#loading\').is(\':visible\') \n    && !$(\'#overlay\').is(\':visible\') \n    && $(\'#search\').size() > 0  ;',1,'Wait for page to load',1418069139371,1418425494742,0),(155,54,'return ($(\'#input[name=pnrFf]\').length ?  ($(\'#input[name=pnrFf]\').size() > 0) :  true) &&\r\n($(\'#input[name=pnr]\').length ?  ($(\'#input[name=pnr]\').size() > 0) :  true) &&\r\n($(\'#input[name=lastName]\').length ?  ($(\'#input[name=lastName]\').size() > 0) :  true) &&\r\n($(\'#input[name=firstName]\').length ?  ($(\'#input[name=firstName]\').size() > 0) :  true);',2,'Check if \"PNR\" and/or \"Last Name\"  and/or \"First Name\" exists and if it does, their size is > 0',1418069139372,1418425494743,0),(156,55,'return !$(\'#loading\').is(\':visible\') \n    && !$(\'#overlay\').is(\':visible\') \n    && $(\'#departure-airport>option\').size() > 0;',1,'Wait for application to load',1418069139379,1418425494750,0),(157,55,'return $(\'#arrival-airport\').size() > 0;',2,'Verify destination selection exist',1418069139379,1418425494750,0),(158,55,'return $(\'label[for=\"date-Today\"] span:eq(1)\').text().length > 0;',3,'Check If  todays date value is populated with todays date',1418069139379,1418425494752,0),(159,55,'return $(\'label[for=\"date-Tomorrow\"] span:eq(1)\').text().length > 0;',4,'Check If tomorrow date value is populated with tomorrows date',1418069139379,1418425494752,0),(160,56,'return !$(\'#loading\').is(\':visible\') \n    && !$(\'#overlay\').is(\':visible\') \n    && $(\'#search-flights\').is(\':visible\') \n    && $(\'#departure-airport>option\').size() > 0; ',1,'Wait for application to load',1418069139403,1418269481141,0),(161,56,'return $(\'#arrival-airport\').size() > 0;',2,'Verify destination selection exist',1418069139403,1418269481142,0),(162,56,'return $(\'#flight-type-return-trip\').val() === \'ROUND_TRIP\' && $(\'#flight-type-return-trip\').is(\':checked\')\n&& $(\'#flight-type-one-way-trip\').val() === \'ONE_WAY\' &&  $(\'#flight-type-one-way-trip\').is(\':not(:checked)\');',6,'Round-trip and one-way should exist, round trip should be checked',1418069139403,1418269481142,0),(163,56,'return $(\'#departure-date\').size() > 0 && $(\'#return-date\').size() > 0 ;',7,'Departure and Return dates are populated to default values',1418069139403,1418269481142,0),(164,56,'return $(\"#ADT_passengers\").val() == 1 && \r\n		$(\"#CHD_passengers\").val() == 0  &&\r\n		($(\'#INF_passengers\').length ?  ($(\'#INF_passengers\').val() == 0) :  true);',8,'Number of Adult passengers are defaulted to 1, Children defaulted to 0. If infants field exists, defaulted to 0.',1418069139403,1418269481142,0),(165,56,'return ($(\'#promo-code\').length ?  ($(\'#promo-code\').size() > 0) :  true);',9,'Check if Promo code field exists and if it does, its size is greater than zero',1418069139404,1418269481142,0),(166,57,'return !$(\'#loading\').is(\':visible\') \n    && !$(\'#overlay\').is(\':visible\') \n    && $(\'#search-btn\').is(\':visible\'); ',1,'Step 1',1418069139432,1418269481146,0),(167,57,'return $(\'#departure-airport>option\').size()>0\n&& $(\'#arrival-airport>option\').size()>0;',2,'Step 2',1418069139433,1418269481146,0),(168,57,'var d = new Date();\r\nvar str = ((d.getDate()+\'\').length == 1 ? \'0\'+d.getDate() : d.getDate())  +\'/\'+(d.getMonth()+1)+\'/\'+d.getFullYear() ;\r\nreturn $(\'#date\').val() == str;',3,'Make sure today date is correctly formatted',1418069139433,1418269481146,0),(169,54,'return ($(\'#input[name=flightNumber]\').length ?  (!$(\'input[name=flightNumber]\').is(\':visible\')) :  true)',3,'Check if \"Addition Search Options\" section and one of its common sub-comp is invisible',1418071871333,1418425494743,0),(170,58,'return !$(\'#loading\').is(\':visible\') \n    && !$(\'#overlay\').is(\':visible\') \n    && $(\'#search\').size() > 0  ;',1,'Wait for page to load',1418072525874,1418425521995,0),(171,58,'return ($(\'#input[name=pnrFf]\').length ?  ($(\'#input[name=pnrFf]\').size() > 0) :  true) &&\r\n($(\'#input[name=pnr]\').length ?  ($(\'#input[name=pnr]\').size() > 0) :  true) &&\r\n($(\'#input[name=lastName]\').length ?  ($(\'#input[name=lastName]\').size() > 0) :  true) &&\r\n($(\'#input[name=firstName]\').length ?  ($(\'#input[name=firstName]\').size() > 0) :  true);',2,'Check if \"PNR\" and/or \"Last Name\"  and/or \"First Name\" exists and if it does, their size is > 0',1418072525874,1418425521995,0),(172,59,'return !$(\'#loading\').is(\':visible\') \n    && !$(\'#overlay\').is(\':visible\') \n    && $(\'#departure-airport>option\').size() > 0;',1,'Wait for application to load',1418072525883,1418269490054,0),(173,59,'return $(\'#arrival-airport\').size() > 0;',2,'Verify destination selection exist',1418072525884,1418269490054,0),(174,59,'return $(\'label[for=\"date-Today\"] span:eq(1)\').text().length > 0;',3,'Check If  todays date value is populated with todays date',1418072525884,1418269490054,0),(175,59,'return $(\'label[for=\"date-Tomorrow\"] span:eq(1)\').text().length > 0;',4,'Check If tomorrow date value is populated with tomorrows date',1418072525887,1418269490054,0),(176,60,'return !$(\'#loading\').is(\':visible\') \n    && !$(\'#overlay\').is(\':visible\') \n    && $(\'#search-flights\').is(\':visible\') \n    && $(\'#departure-airport>option\').size() > 0; ',1,'Wait for application to load',1418072525898,1418269490061,0),(177,60,'return $(\'#arrival-airport\').size() > 0;',2,'Verify destination selection exist',1418072525898,1418269490061,0),(178,60,'return $(\'#flight-type-return-trip\').val() === \'ROUND_TRIP\' && $(\'#flight-type-return-trip\').is(\':checked\')\n&& $(\'#flight-type-one-way-trip\').val() === \'ONE_WAY\' &&  $(\'#flight-type-one-way-trip\').is(\':not(:checked)\');',6,'Round-trip and one-way should exist, round trip should be checked',1418072525898,1418269490062,0),(179,60,'return $(\'#departure-date\').size() > 0 && $(\'#return-date\').size() > 0 ;',7,'Departure and Return dates are populated to default values',1418072525898,1418269490062,0),(180,60,'return $(\"#ADT_passengers\").val() == 1 && \r\n		$(\"#CHD_passengers\").val() == 0  &&\r\n		($(\'#INF_passengers\').length ?  ($(\'#INF_passengers\').val() == 0) :  true);',8,'Number of Adult passengers are defaulted to 1, Children defaulted to 0. If infants field exists, defaulted to 0.',1418072525898,1418269490062,0),(181,60,'return ($(\'#promo-code\').length ?  ($(\'#promo-code\').size() > 0) :  true);',9,'Check if Promo code field exists and if it does, its size is greater than zero',1418072525898,1418269490062,0),(182,61,'return !$(\'#loading\').is(\':visible\') \n    && !$(\'#overlay\').is(\':visible\') \n    && $(\'#search-btn\').is(\':visible\'); ',1,'Step 1',1418072525916,1418269490066,0),(183,61,'return $(\'#departure-airport>option\').size()>0\n&& $(\'#arrival-airport>option\').size()>0;',2,'Step 2',1418072525916,1418269490066,0),(184,61,'var d = new Date();\r\nvar str = ((d.getDate()+\'\').length == 1 ? \'0\'+d.getDate() : d.getDate())  +\'/\'+(d.getMonth()+1)+\'/\'+d.getFullYear() ;\r\nreturn $(\'#date\').val() == str;',3,'Make sure today date is correctly formatted',1418072525916,1418269490066,0),(185,62,'return !$(\'#loading\').is(\':visible\') \n    && !$(\'#overlay\').is(\':visible\') \n    && $(\'#search\').size() > 0  ;',1,'Wait for page to load',1418073903693,1418425404868,0),(186,62,'return $(\'input[name=pnr]\').size() > 0 && $(\'input[name=lastName]\').size() > 0; ',2,'Step 2',1418073903694,1418425404868,0),(187,63,'return !$(\'#loading\').is(\':visible\') \n    && !$(\'#overlay\').is(\':visible\') \n    && $(\'#departure-airport>option\').size() > 0;',1,'Wait for application to load',1418073903697,1418425404859,0),(188,63,'return $(\'#arrival-airport\').size() > 0;',2,'Verify destination selection exist',1418073903697,1418425404859,0),(189,63,'return $(\'label[for=\"date-Today\"] span:eq(1)\').text().length > 0;',3,'Check If  todays date value is populated with todays date',1418073903697,1418425404859,0),(190,63,'return $(\'label[for=\"date-Tomorrow\"] span:eq(1)\').text().length > 0;',4,'Check If tomorrow date value is populated with tomorrows date',1418073903697,1418425404860,0),(191,64,'return !$(\'#loading\').is(\':visible\') \n    && !$(\'#overlay\').is(\':visible\') \n    && $(\'#search-flights\').is(\':visible\') \n    && $(\'#departure-airport>option\').size() > 0; ',1,'Wait for application to load',1418073903703,1418269498485,0),(192,64,'return $(\'#arrival-airport\').size() > 0;',2,'Verify destination selection exist',1418073903703,1418269498485,0),(193,64,'return $(\'#flight-type-return-trip\').val() === \'ROUND_TRIP\' && $(\'#flight-type-return-trip\').is(\':checked\')\n&& $(\'#flight-type-one-way-trip\').val() === \'ONE_WAY\' &&  $(\'#flight-type-one-way-trip\').is(\':not(:checked)\');',6,'Round-trip and one-way should exist, round trip should be checked',1418073903703,1418269498485,0),(194,64,'return $(\'#departure-date\').size() > 0 && $(\'#return-date\').size() > 0 ;',7,'Departure and Return dates are populated to default values',1418073903703,1418269498485,0),(195,64,'return $(\"#ADT_passengers\").val() == 1 && \r\n		$(\"#CHD_passengers\").val() == 0  &&\r\n		($(\'#INF_passengers\').length ?  ($(\'#INF_passengers\').val() == 0) :  true);',8,'Number of Adult passengers are defaulted to 1, Children defaulted to 0. If infants field exists, defaulted to 0.',1418073903703,1418269498485,0),(196,64,'return ($(\'#promo-code\').length ?  ($(\'#promo-code\').size() > 0) :  true);',9,'Check if Promo code field exists and if it does, its size is greater than zero',1418073903703,1418269498486,0),(197,65,'return !$(\'#loading\').is(\':visible\') \n    && !$(\'#overlay\').is(\':visible\') \n    && $(\'#search-btn\').is(\':visible\'); ',1,'Step 1',1418073903720,1418425404880,0),(198,65,'return $(\'#departure-airport>option\').size()>0\n&& $(\'#arrival-airport>option\').size()>0;',2,'Step 2',1418073903720,1418425404880,0),(199,65,'var d = new Date();\r\nvar str = ((d.getDate()+\'\').length == 1 ? \'0\'+d.getDate() : d.getDate())  +\'/\'+(d.getMonth()+1)+\'/\'+d.getFullYear() ;\r\nreturn $(\'#date\').val() == str;',3,'Make sure today date is correctly formatted',1418073903720,1418425404881,0),(200,66,'return !$(\'#loading\').is(\':visible\') \n    && !$(\'#overlay\').is(\':visible\') \n    && $(\'#search\').size() > 0  ;',1,'Wait for page to load',1418074442049,1418425532846,0),(201,66,'return ($(\'#input[name=pnrFf]\').length ?  ($(\'#input[name=pnrFf]\').size() > 0) :  true) &&\r\n($(\'#input[name=pnr]\').length ?  ($(\'#input[name=pnr]\').size() > 0) :  true) &&\r\n($(\'#input[name=lastName]\').length ?  ($(\'#input[name=lastName]\').size() > 0) :  true) &&\r\n($(\'#input[name=firstName]\').length ?  ($(\'#input[name=firstName]\').size() > 0) :  true);',2,'Check if \"PNR\" and/or \"Last Name\"  and/or \"First Name\" exists and if it does, their size is > 0',1418074442049,1418425532846,0),(202,67,'return !$(\'#loading\').is(\':visible\') \n    && !$(\'#overlay\').is(\':visible\') \n    && $(\'#departure-airport>option\').size() > 0;',1,'Wait for application to load',1418074442054,1418425532855,0),(203,67,'return $(\'#arrival-airport\').size() > 0;',2,'Verify destination selection exist',1418074442055,1418425532856,0),(204,67,'return $(\'label[for=\"date-Today\"] span:eq(1)\').text().length > 0;',3,'Check If  todays date value is populated with todays date',1418074442055,1418425532856,0),(205,67,'return $(\'label[for=\"date-Tomorrow\"] span:eq(1)\').text().length > 0;',4,'Check If tomorrow date value is populated with tomorrows date',1418074442055,1418425532856,0),(206,68,'return !$(\'#loading\').is(\':visible\') \n    && !$(\'#overlay\').is(\':visible\') \n    && $(\'#search-flights\').is(\':visible\') \n    && $(\'#departure-airport>option\').size() > 0; ',1,'Wait for application to load',1418074442066,1418425532868,0),(207,68,'return $(\'#arrival-airport\').size() > 0;',2,'Verify destination selection exist',1418074442066,1418425532868,0),(208,68,'return $(\'#flight-type-return-trip\').val() === \'ROUND_TRIP\' && $(\'#flight-type-return-trip\').is(\':checked\')\n&& $(\'#flight-type-one-way-trip\').val() === \'ONE_WAY\' &&  $(\'#flight-type-one-way-trip\').is(\':not(:checked)\');',6,'Round-trip and one-way should exist, round trip should be checked',1418074442066,1418425532868,0),(209,68,'return $(\'#departure-date\').size() > 0 && $(\'#return-date\').size() > 0 ;',7,'Departure and Return dates are populated to default values',1418074442066,1418425532868,0),(210,68,'return $(\"#ADT_passengers\").val() == 1 && \r\n		$(\"#CHD_passengers\").val() == 0  &&\r\n		($(\'#INF_passengers\').length ?  ($(\'#INF_passengers\').val() == 0) :  true);',8,'Number of Adult passengers are defaulted to 1, Children defaulted to 0. If infants field exists, defaulted to 0.',1418074442066,1418425532868,0),(211,68,'return ($(\'#promo-code\').length ?  ($(\'#promo-code\').size() > 0) :  true);',9,'Check if Promo code field exists and if it does, its size is greater than zero',1418074442066,1418425532868,0),(212,69,'return !$(\'#loading\').is(\':visible\') \n    && !$(\'#overlay\').is(\':visible\') \n    && $(\'#search-btn\').is(\':visible\'); ',1,'Step 1',1418074442090,1418425532872,0),(213,69,'return $(\'#departure-airport>option\').size()>0\n&& $(\'#arrival-airport>option\').size()>0;',2,'Step 2',1418074442090,1418425532872,0),(214,69,'var d = new Date();\r\nvar str = ((d.getDate()+\'\').length == 1 ? \'0\'+d.getDate() : d.getDate())  +\'/\'+(d.getMonth()+1)+\'/\'+d.getFullYear() ;\r\nreturn $(\'#date\').val() == str;',3,'Make sure today date is correctly formatted',1418074442090,1418425532873,0),(215,58,'return ($(\'#input[name=flightNumber]\').length ?  (!$(\'input[name=flightNumber]\').is(\':visible\')) :  true)',3,'Check if \"Addition Search Options\" section and one of its common sub-comp is invisible',1418075256999,1418425521995,0),(216,66,'return ($(\'#input[name=flightNumber]\').length ?  (!$(\'input[name=flightNumber]\').is(\':visible\')) :  true)',3,'Check if \"Addition Search Options\" section and one of its common sub-comp is invisible',1418075341438,1418425532846,0),(217,70,'return !$(\'#loading\').is(\':visible\') \n    && !$(\'#overlay\').is(\':visible\') \n    && $(\'#search\').size() > 0  ;',1,'Wait for page to load',1418076101652,1418425527343,0),(218,70,'return ($(\'#input[name=pnrFf]\').length ?  ($(\'#input[name=pnrFf]\').size() > 0) :  true) &&\r\n($(\'#input[name=pnr]\').length ?  ($(\'#input[name=pnr]\').size() > 0) :  true) &&\r\n($(\'#input[name=lastName]\').length ?  ($(\'#input[name=lastName]\').size() > 0) :  true) &&\r\n($(\'#input[name=firstName]\').length ?  ($(\'#input[name=firstName]\').size() > 0) :  true);',2,'Check if \"PNR\" and/or \"Last Name\"  and/or \"First Name\" exists and if it does, their size is > 0',1418076101653,1418425527343,0),(219,70,'return ($(\'#input[name=flightNumber]\').length ?  (!$(\'input[name=flightNumber]\').is(\':visible\')) :  true)',3,'Check if \"Addition Search Options\" section and one of its common sub-comp is invisible',1418076101653,1418425527343,0),(220,71,'return !$(\'#loading\').is(\':visible\') \n    && !$(\'#overlay\').is(\':visible\') \n    && $(\'#departure-airport>option\').size() > 0;',1,'Wait for application to load',1418076101669,1418425527350,0),(221,71,'return $(\'#arrival-airport\').size() > 0;',2,'Verify destination selection exist',1418076101669,1418425527350,0),(222,71,'return $(\'label[for=\"date-Today\"] span:eq(1)\').text().length > 0;',3,'Check If  todays date value is populated with todays date',1418076101674,1418425527350,0),(223,71,'return $(\'label[for=\"date-Tomorrow\"] span:eq(1)\').text().length > 0;',4,'Check If tomorrow date value is populated with tomorrows date',1418076101674,1418425527350,0),(224,72,'return !$(\'#loading\').is(\':visible\') \n    && !$(\'#overlay\').is(\':visible\') \n    && $(\'#search-flights\').is(\':visible\') \n    && $(\'#departure-airport>option\').size() > 0; ',1,'Wait for application to load',1418076101712,1418269516493,0),(225,72,'return $(\'#arrival-airport\').size() > 0;',2,'Verify destination selection exist',1418076101713,1418269516493,0),(226,72,'return $(\'#flight-type-return-trip\').val() === \'ROUND_TRIP\' && $(\'#flight-type-return-trip\').is(\':checked\')\n&& $(\'#flight-type-one-way-trip\').val() === \'ONE_WAY\' &&  $(\'#flight-type-one-way-trip\').is(\':not(:checked)\');',6,'Round-trip and one-way should exist, round trip should be checked',1418076101713,1418269516493,0),(227,72,'return $(\'#departure-date\').size() > 0 && $(\'#return-date\').size() > 0 ;',7,'Departure and Return dates are populated to default values',1418076101713,1418269516493,0),(228,72,'return $(\"#ADT_passengers\").val() == 1 && \r\n		$(\"#CHD_passengers\").val() == 0  &&\r\n		($(\'#INF_passengers\').length ?  ($(\'#INF_passengers\').val() == 0) :  true);',8,'Number of Adult passengers are defaulted to 1, Children defaulted to 0. If infants field exists, defaulted to 0.',1418076101713,1418269516493,0),(229,72,'return ($(\'#promo-code\').length ?  ($(\'#promo-code\').size() > 0) :  true);',9,'Check if Promo code field exists and if it does, its size is greater than zero',1418076101713,1418269516493,0),(230,73,'return !$(\'#loading\').is(\':visible\') \n    && !$(\'#overlay\').is(\':visible\') \n    && $(\'#search-btn\').is(\':visible\'); ',1,'Step 1',1418076101736,1418425527361,0),(231,73,'return $(\'#departure-airport>option\').size()>0\n&& $(\'#arrival-airport>option\').size()>0;',2,'Step 2',1418076101737,1418425527361,0),(232,73,'var d = new Date();\r\nvar str = ((d.getDate()+\'\').length == 1 ? \'0\'+d.getDate() : d.getDate())  +\'/\'+(d.getMonth()+1)+\'/\'+d.getFullYear() ;\r\nreturn $(\'#date\').val() == str;',3,'Make sure today date is correctly formatted',1418076101737,1418425527361,0),(233,74,'return !$(\'#loading\').is(\':visible\') \n    && !$(\'#overlay\').is(\':visible\') \n    && $(\'#search\').size() > 0  ;',1,'Wait for page to load',1418076780989,1418425410627,0),(234,74,'return ($(\'#input[name=pnrFf]\').length ?  ($(\'#input[name=pnrFf]\').size() > 0) :  true) &&\r\n($(\'#input[name=pnr]\').length ?  ($(\'#input[name=pnr]\').size() > 0) :  true) &&\r\n($(\'#input[name=lastName]\').length ?  ($(\'#input[name=lastName]\').size() > 0) :  true) &&\r\n($(\'#input[name=firstName]\').length ?  ($(\'#input[name=firstName]\').size() > 0) :  true);',2,'Check if \"PNR\" and/or \"Last Name\"  and/or \"First Name\" exists and if it does, their size is > 0',1418076780989,1418425410628,0),(235,74,'return ($(\'#input[name=flightNumber]\').length ?  (!$(\'input[name=flightNumber]\').is(\':visible\')) :  true)',3,'Check if \"Addition Search Options\" section and one of its common sub-comp is invisible',1418076780989,1418425410628,0),(236,75,'return !$(\'#loading\').is(\':visible\') \n    && !$(\'#overlay\').is(\':visible\') \n    && $(\'#departure-airport>option\').size() > 0;',1,'Wait for application to load',1418076780997,1418425410638,0),(237,75,'return $(\'#arrival-airport\').size() > 0;',2,'Verify destination selection exist',1418076780998,1418425410638,0),(238,75,'return $(\'label[for=\"date-Today\"] span:eq(1)\').text().length > 0;',3,'Check If  todays date value is populated with todays date',1418076780998,1418425410638,0),(239,75,'return $(\'label[for=\"date-Tomorrow\"] span:eq(1)\').text().length > 0;',4,'Check If tomorrow date value is populated with tomorrows date',1418076780998,1418425410638,0),(240,76,'return !$(\'#loading\').is(\':visible\') \n    && !$(\'#overlay\').is(\':visible\') \n    && $(\'#search-flights\').is(\':visible\') \n    && $(\'#departure-airport>option\').size() > 0; ',1,'Wait for application to load',1418076781004,1418269529847,0),(241,76,'return $(\'#arrival-airport\').size() > 0;',2,'Verify destination selection exist',1418076781004,1418269529847,0),(242,76,'return $(\'#flight-type-return-trip\').val() === \'ROUND_TRIP\' && $(\'#flight-type-return-trip\').is(\':checked\')\n&& $(\'#flight-type-one-way-trip\').val() === \'ONE_WAY\' &&  $(\'#flight-type-one-way-trip\').is(\':not(:checked)\');',6,'Round-trip and one-way should exist, round trip should be checked',1418076781004,1418269529847,0),(243,76,'return $(\'#departure-date\').size() > 0 && $(\'#return-date\').size() > 0 ;',7,'Departure and Return dates are populated to default values',1418076781004,1418269529847,0),(244,76,'return $(\"#ADT_passengers\").val() == 1 && \r\n		$(\"#CHD_passengers\").val() == 0  &&\r\n		($(\'#INF_passengers\').length ?  ($(\'#INF_passengers\').val() == 0) :  true);',8,'Number of Adult passengers are defaulted to 1, Children defaulted to 0. If infants field exists, defaulted to 0.',1418076781004,1418269529847,0),(245,76,'return ($(\'#promo-code\').length ?  ($(\'#promo-code\').size() > 0) :  true);',9,'Check if Promo code field exists and if it does, its size is greater than zero',1418076781004,1418269529847,0),(246,77,'return !$(\'#loading\').is(\':visible\') \n    && !$(\'#overlay\').is(\':visible\') \n    && $(\'#search-btn\').is(\':visible\'); ',1,'Step 1',1418076781014,1418425410655,0),(247,77,'return $(\'#departure-airport>option\').size()>0\n&& $(\'#arrival-airport>option\').size()>0;',2,'Step 2',1418076781014,1418425410655,0),(248,77,'var d = new Date();\r\nvar str = ((d.getDate()+\'\').length == 1 ? \'0\'+d.getDate() : d.getDate())  +\'/\'+(d.getMonth()+1)+\'/\'+d.getFullYear() ;\r\nreturn $(\'#date\').val() == str;',3,'Make sure today date is correctly formatted',1418076781014,1418425410655,0),(249,46,'return ($(\'#input[name=flightNumber]\').length ?  (!$(\'input[name=flightNumber]\').is(\':visible\')) :  true);',3,'Check if \"Addition Search Options\" section and one of its common sub-comp is invisible',1418079175085,1418425416133,0),(250,42,'return ($(\'#input[name=flightNumber]\').length ?  (!$(\'input[name=flightNumber]\').is(\':visible\')) :  true);',3,'Check if \"Addition Search Options\" section and one of its common sub-comp is invisible',1418079299624,1418425500303,0),(251,38,'return ($(\'#input[name=flightNumber]\').length ?  (!$(\'input[name=flightNumber]\').is(\':visible\')) :  true);',3,'Check if \"Addition Search Options\" section and one of its common sub-comp is invisible',1418079459259,1418425511161,0),(252,1,'return ($(\'#input[name=flightNumber]\').length ?  (!$(\'input[name=flightNumber]\').is(\':visible\')) :  true);',3,'Check if \"Addition Search Options\" section and one of its common sub-comp is invisible',1418079780475,1418425421549,0),(254,78,'return ($(\'#input[name=username]\').length ?  ($(\'#input[name=username]\').size() > 0) :  true) &&\r\n($(\'#input[name=password]\').length ?  ($(\'#input[name=password]\').size() > 0) :  true) &&\r\n($(\'#login\').length ?  ($(\'#login\').is(\':visible\')) :  true);',2,'Check If login module is present and size of authentication fields > 0',1418318712553,1418425511186,0),(255,78,'return ($(\'#input[name=reservationCode]\').length ?  ($(\'#input[name=reservationCode]\').size() > 0) :  true) &&\r\n($(\'#input[name=lastName]\').length ?  ($(\'#input[name=lastName]\').size() > 0) :  true) &&\r\n($(\'#find-flight\').length ?  ($(\'#find-flight\').is(\':visible\')) :  true);',3,'Check If Search by trip details module is present',1418318969914,1418425511186,0),(256,79,'return !$(\'#loading\').is(\':visible\') \r\n    && !$(\'#overlay\').is(\':visible\') ;',1,'Wait for application to load',1418319600505,1418425500334,0),(257,79,'return ($(\'#input[name=username]\').length ?  ($(\'#input[name=username]\').size() > 0) :  true) &&\r\n($(\'#input[name=password]\').length ?  ($(\'#input[name=password]\').size() > 0) :  true) &&\r\n($(\'#login\').length ?  ($(\'#login\').is(\':visible\')) :  true);',2,'Check If login module is present and size of authentication fields > 0',1418319627768,1418425500335,0),(258,79,'return ($(\'#input[name=reservationCode]\').length ?  ($(\'#input[name=reservationCode]\').size() > 0) :  true) &&\r\n($(\'#input[name=lastName]\').length ?  ($(\'#input[name=lastName]\').size() > 0) :  true) &&\r\n($(\'#find-flight\').length ?  ($(\'#find-flight\').is(\':visible\')) :  true);',3,'Check If Search by trip details module is present',1418319649288,1418425500335,0),(259,78,'return !$(\'#loading\').is(\':visible\') \r\n    && !$(\'#overlay\').is(\':visible\') ;',1,'Wait for application to load',1418319761304,1418425511186,0),(260,80,'return !$(\'#loading\').is(\':visible\') \r\n    && !$(\'#overlay\').is(\':visible\');',1,'Wait for application to load',1418321458444,1418425532876,0),(261,80,'return ($(\'#input[name=reservationCode]\').length ?  ($(\'#input[name=reservationCode]\').size() > 0) :  true) &&\r\n($(\'#input[name=lastName]\').length ?  ($(\'#input[name=lastName]\').size() > 0) :  true) &&\r\n($(\'#find-flight\').length ?  ($(\'#find-flight\').is(\':visible\')) :  true);',2,'Check If Search by trip details module is present',1418321478897,1418425532877,0),(262,81,'return !$(\'#loading\').is(\':visible\') \r\n    && !$(\'#overlay\').is(\':visible\');',1,'Wait for application to load',1418321608650,1418425527366,0),(263,81,'return ($(\'#input[name=username]\').length ?  ($(\'#input[name=username]\').size() > 0) :  true) &&\r\n($(\'#input[name=password]\').length ?  ($(\'#input[name=password]\').size() > 0) :  true) &&\r\n($(\'#login\').length ?  ($(\'#login\').is(\':visible\')) :  true);',2,'Check If login module is present and size of authentication fields > 0',1418321631594,1418425527366,0),(264,81,'return ($(\'#input[name=reservationCode]\').length ?  ($(\'#input[name=reservationCode]\').size() > 0) :  true) &&\r\n($(\'#input[name=lastName]\').length ?  ($(\'#input[name=lastName]\').size() > 0) :  true) &&\r\n($(\'#find-flight\').length ?  ($(\'#find-flight\').is(\':visible\')) :  true);',3,'Check If Search by trip details module is present',1418321650153,1418425527366,0);
/*!40000 ALTER TABLE `Step` ENABLE KEYS */;
UNLOCK TABLES;
/*!40103 SET TIME_ZONE=@OLD_TIME_ZONE */;

/*!40101 SET SQL_MODE=@OLD_SQL_MODE */;
/*!40014 SET FOREIGN_KEY_CHECKS=@OLD_FOREIGN_KEY_CHECKS */;
/*!40014 SET UNIQUE_CHECKS=@OLD_UNIQUE_CHECKS */;
/*!40101 SET CHARACTER_SET_CLIENT=@OLD_CHARACTER_SET_CLIENT */;
/*!40101 SET CHARACTER_SET_RESULTS=@OLD_CHARACTER_SET_RESULTS */;
/*!40101 SET COLLATION_CONNECTION=@OLD_COLLATION_CONNECTION */;
/*!40111 SET SQL_NOTES=@OLD_SQL_NOTES */;

-- Dump completed on 2014-12-12 18:15:16
